"iso","umd_tree_cover_extent_2000__ha","area__ha"
"USA",279346946.999863528024791899,947263630.370297121813105190
